id,income,spent,time,from1,from2,from3,from4
2013-111101,0,5503334,2013,Innere Verwaltung,Verwaltungssteuerung und -service,Gemeindeorgane,Politische- und Verwaltungssteuerung
2014-111101,0,5590260,2014,Innere Verwaltung,Verwaltungssteuerung und -service,Gemeindeorgane,Politische- und Verwaltungssteuerung
2013-111102,0,1238692,2013,Innere Verwaltung,Verwaltungssteuerung und -service,Gemeindeorgane,Vertretungen der Stadt
2014-111102,0,1253953,2014,Innere Verwaltung,Verwaltungssteuerung und -service,Gemeindeorgane,Vertretungen der Stadt
2013-111103,0,1018249,2013,Innere Verwaltung,Verwaltungssteuerung und -service,Gemeindeorgane,Europäische u. internat. Angelegenheiten
2014-111103,0,1037896,2014,Innere Verwaltung,Verwaltungssteuerung und -service,Gemeindeorgane,Europäische u. internat. Angelegenheiten
2013-111104,0,112682,2013,Innere Verwaltung,Verwaltungssteuerung und -service,Gemeindeorgane,Bildungsbüro Projekt Bildungsmanagement
2014-111104,0,81353,2014,Innere Verwaltung,Verwaltungssteuerung und -service,Gemeindeorgane,Bildungsbüro Projekt Bildungsmanagement
2013-111110,0,2979493,2013,Innere Verwaltung,Verwaltungssteuerung und -service,Gemeindeorgane,Ortsämter
2014-111110,0,3007609,2014,Innere Verwaltung,Verwaltungssteuerung und -service,Gemeindeorgane,Ortsämter
2013-111111,0,696006,2013,Innere Verwaltung,Verwaltungssteuerung und -service,Gemeindeorgane,OS Cossebaude/Oberwartha
2014-111111,0,722497,2014,Innere Verwaltung,Verwaltungssteuerung und -service,Gemeindeorgane,OS Cossebaude/Oberwartha
2013-111112,0,284804,2013,Innere Verwaltung,Verwaltungssteuerung und -service,Gemeindeorgane,OS Mobschatz
2014-111112,0,294065,2014,Innere Verwaltung,Verwaltungssteuerung und -service,Gemeindeorgane,OS Mobschatz
2013-111113,0,1038891,2013,Innere Verwaltung,Verwaltungssteuerung und -service,Gemeindeorgane,OS Weixdorf
2014-111113,0,1056583,2014,Innere Verwaltung,Verwaltungssteuerung und -service,Gemeindeorgane,OS Weixdorf
2013-111114,0,705036,2013,Innere Verwaltung,Verwaltungssteuerung und -service,Gemeindeorgane,OS Langebrück/Schönborn
2014-111114,0,659459,2014,Innere Verwaltung,Verwaltungssteuerung und -service,Gemeindeorgane,OS Langebrück/Schönborn
2013-111115,0,464824,2013,Innere Verwaltung,Verwaltungssteuerung und -service,Gemeindeorgane,OS Gompitz/Altfranken
2014-111115,0,467682,2014,Innere Verwaltung,Verwaltungssteuerung und -service,Gemeindeorgane,OS Gompitz/Altfranken
2013-111116,0,1238906,2013,Innere Verwaltung,Verwaltungssteuerung und -service,Gemeindeorgane,OS Schönfeld/Weißig
2014-111116,0,1247139,2014,Innere Verwaltung,Verwaltungssteuerung und -service,Gemeindeorgane,OS Schönfeld/Weißig
2013-111201,0,8772555,2013,Innere Verwaltung,Verwaltungssteuerung und -service,Innere Verwaltungsangelegenheiten,Personalmanagement
2014-111201,0,9146138,2014,Innere Verwaltung,Verwaltungssteuerung und -service,Innere Verwaltungsangelegenheiten,Personalmanagement
2013-111202,0,1664347,2013,Innere Verwaltung,Verwaltungssteuerung und -service,Innere Verwaltungsangelegenheiten,Presse- und Öffentlichkeitsarbeit
2014-111202,0,1659682,2014,Innere Verwaltung,Verwaltungssteuerung und -service,Innere Verwaltungsangelegenheiten,Presse- und Öffentlichkeitsarbeit
2013-111203,0,3402292,2013,Innere Verwaltung,Verwaltungssteuerung und -service,Innere Verwaltungsangelegenheiten,Rechtsangelegenheiten
2014-111203,0,3673660,2014,Innere Verwaltung,Verwaltungssteuerung und -service,Innere Verwaltungsangelegenheiten,Rechtsangelegenheiten
2013-111204,0,756941,2013,Innere Verwaltung,Verwaltungssteuerung und -service,Innere Verwaltungsangelegenheiten,Vertretungen der Stadtverwaltung
2014-111204,0,766847,2014,Innere Verwaltung,Verwaltungssteuerung und -service,Innere Verwaltungsangelegenheiten,Vertretungen der Stadtverwaltung
2013-111205,0,10397050,2013,Innere Verwaltung,Verwaltungssteuerung und -service,Innere Verwaltungsangelegenheiten,Zentraler Personalhaushalt
2014-111205,0,4253450,2014,Innere Verwaltung,Verwaltungssteuerung und -service,Innere Verwaltungsangelegenheiten,Zentraler Personalhaushalt
2013-111206,0,68550,2013,Innere Verwaltung,Verwaltungssteuerung und -service,Innere Verwaltungsangelegenheiten,EB IT-Dienstleisungen Dresden
2014-111206,0,140700,2014,Innere Verwaltung,Verwaltungssteuerung und -service,Innere Verwaltungsangelegenheiten,EB IT-Dienstleisungen Dresden
2013-111211,0,760901,2013,Innere Verwaltung,Verwaltungssteuerung und -service,Innere Verwaltungsangelegenheiten,GBL Allg.Verwaltung
2014-111211,0,770632,2014,Innere Verwaltung,Verwaltungssteuerung und -service,Innere Verwaltungsangelegenheiten,GBL Allg.Verwaltung
2013-111212,0,607059,2013,Innere Verwaltung,Verwaltungssteuerung und -service,Innere Verwaltungsangelegenheiten,GBL Finanzen/Liegensch.
2014-111212,0,638455,2014,Innere Verwaltung,Verwaltungssteuerung und -service,Innere Verwaltungsangelegenheiten,GBL Finanzen/Liegensch.
2013-111213,0,873197,2013,Innere Verwaltung,Verwaltungssteuerung und -service,Innere Verwaltungsangelegenheiten,GBL Ordnung/Sicherheit
2014-111213,0,949135,2014,Innere Verwaltung,Verwaltungssteuerung und -service,Innere Verwaltungsangelegenheiten,GBL Ordnung/Sicherheit
2013-111214,0,584155,2013,Innere Verwaltung,Verwaltungssteuerung und -service,Innere Verwaltungsangelegenheiten,GBL Kultur
2014-111214,0,594326,2014,Innere Verwaltung,Verwaltungssteuerung und -service,Innere Verwaltungsangelegenheiten,GBL Kultur
2013-111215,0,859539,2013,Innere Verwaltung,Verwaltungssteuerung und -service,Innere Verwaltungsangelegenheiten,GBL Soziales
2014-111215,0,807972,2014,Innere Verwaltung,Verwaltungssteuerung und -service,Innere Verwaltungsangelegenheiten,GBL Soziales
2013-111216,0,639925,2013,Innere Verwaltung,Verwaltungssteuerung und -service,Innere Verwaltungsangelegenheiten,GBL Stadtentwicklg.
2014-111216,0,655312,2014,Innere Verwaltung,Verwaltungssteuerung und -service,Innere Verwaltungsangelegenheiten,GBL Stadtentwicklg.
2013-111217,0,2717507,2013,Innere Verwaltung,Verwaltungssteuerung und -service,Innere Verwaltungsangelegenheiten,GK-GBL Wirtschaft
2014-111217,0,2734023,2014,Innere Verwaltung,Verwaltungssteuerung und -service,Innere Verwaltungsangelegenheiten,GK-GBL Wirtschaft
2013-111301,0,3267736,2013,Innere Verwaltung,Verwaltungssteuerung und -service,Finanzverwaltung,"Haushaltswirtschaft, Finanzsteuerung"
2014-111301,0,3545885,2014,Innere Verwaltung,Verwaltungssteuerung und -service,Finanzverwaltung,"Haushaltswirtschaft, Finanzsteuerung"
2013-111302,0,5242245,2013,Innere Verwaltung,Verwaltungssteuerung und -service,Finanzverwaltung,"Kassen- u. Rechnungswesen, Vollstreckung"
2014-111302,0,5313596,2014,Innere Verwaltung,Verwaltungssteuerung und -service,Finanzverwaltung,"Kassen- u. Rechnungswesen, Vollstreckung"
2013-111303,0,2058273,2013,Innere Verwaltung,Verwaltungssteuerung und -service,Finanzverwaltung,Heranziehung zu kommunalen Steuern
2014-111303,0,2147108,2014,Innere Verwaltung,Verwaltungssteuerung und -service,Finanzverwaltung,Heranziehung zu kommunalen Steuern
2013-111304,-247774,0,2013,Innere Verwaltung,Verwaltungssteuerung und -service,Finanzverwaltung,Grundvermögen/ Eigentümeraufgaben
2014-111304,-161621,0,2014,Innere Verwaltung,Verwaltungssteuerung und -service,Finanzverwaltung,Grundvermögen/ Eigentümeraufgaben
2013-111305,0,274789,2013,Innere Verwaltung,Verwaltungssteuerung und -service,Finanzverwaltung,"Verw.,Bewirtsch., Unterh. Grundstücke"
2014-111305,0,259321,2014,Innere Verwaltung,Verwaltungssteuerung und -service,Finanzverwaltung,"Verw.,Bewirtsch., Unterh. Grundstücke"
2013-111306,0,852969,2013,Innere Verwaltung,Verwaltungssteuerung und -service,Finanzverwaltung,Projekt Einführung der Doppik in der LHD
2014-111306,0,603159,2014,Innere Verwaltung,Verwaltungssteuerung und -service,Finanzverwaltung,Projekt Einführung der Doppik in der LHD
2013-111307,0,1001150,2013,Innere Verwaltung,Verwaltungssteuerung und -service,Finanzverwaltung,Sonstige Zuweisungen und Zuschüsse
2014-111307,0,1001150,2014,Innere Verwaltung,Verwaltungssteuerung und -service,Finanzverwaltung,Sonstige Zuweisungen und Zuschüsse
2013-111401,0,2615959,2013,Innere Verwaltung,Verwaltungssteuerung und -service,Rechnungsprüfung,Rechnungsprüfung
2014-111401,0,2685294,2014,Innere Verwaltung,Verwaltungssteuerung und -service,Rechnungsprüfung,Rechnungsprüfung
2013-111601,0,3450552,2013,Innere Verwaltung,Verwaltungssteuerung und -service,Einrichtungen f. die ges.Verwaltung,Zentr. Serviceleist.für Verw.ber. u. EB
2014-111601,0,3490800,2014,Innere Verwaltung,Verwaltungssteuerung und -service,Einrichtungen f. die ges.Verwaltung,Zentr. Serviceleist.für Verw.ber. u. EB
2013-111602,0,6823547,2013,Innere Verwaltung,Verwaltungssteuerung und -service,Einrichtungen f. die ges.Verwaltung,Bereit.v.Raum-u.Flächenress.f.städt.Ein.
2014-111602,0,7073152,2014,Innere Verwaltung,Verwaltungssteuerung und -service,Einrichtungen f. die ges.Verwaltung,Bereit.v.Raum-u.Flächenress.f.städt.Ein.
2013-111603,0,1007664,2013,Innere Verwaltung,Verwaltungssteuerung und -service,Einrichtungen f. die ges.Verwaltung,"Vergabedienstleistungen VOB, VOL, VOF"
2014-111603,0,1056598,2014,Innere Verwaltung,Verwaltungssteuerung und -service,Einrichtungen f. die ges.Verwaltung,"Vergabedienstleistungen VOB, VOL, VOF"
2013-111604,0,1846476,2013,Innere Verwaltung,Verwaltungssteuerung und -service,Einrichtungen f. die ges.Verwaltung,Zentrale Gebäudedienste
2014-111604,0,2126725,2014,Innere Verwaltung,Verwaltungssteuerung und -service,Einrichtungen f. die ges.Verwaltung,Zentrale Gebäudedienste
2013-111605,0,815096,2013,Innere Verwaltung,Verwaltungssteuerung und -service,Einrichtungen f. die ges.Verwaltung,Versicherungsleistungen
2014-111605,0,837147,2014,Innere Verwaltung,Verwaltungssteuerung und -service,Einrichtungen f. die ges.Verwaltung,Versicherungsleistungen
2013-111606,0,3082686,2013,Innere Verwaltung,Verwaltungssteuerung und -service,Einrichtungen f. die ges.Verwaltung,Hochbaumaßnahmen
2014-111606,0,3190000,2014,Innere Verwaltung,Verwaltungssteuerung und -service,Einrichtungen f. die ges.Verwaltung,Hochbaumaßnahmen
2013-111607,-535372,0,2013,Innere Verwaltung,Verwaltungssteuerung und -service,Einrichtungen f. die ges.Verwaltung,"Zentr. Grünanl.unterh.,Garten-u.Land.bau"
2014-111607,-271087,0,2014,Innere Verwaltung,Verwaltungssteuerung und -service,Einrichtungen f. die ges.Verwaltung,"Zentr. Grünanl.unterh.,Garten-u.Land.bau"
2013-111608,-3897990,0,2013,Innere Verwaltung,Verwaltungssteuerung und -service,Einrichtungen f. die ges.Verwaltung,Zentrale Verkehrsinfrastrukturunterhalt.
2014-111608,-3751630,0,2014,Innere Verwaltung,Verwaltungssteuerung und -service,Einrichtungen f. die ges.Verwaltung,Zentrale Verkehrsinfrastrukturunterhalt.
2013-111609,0,734097,2013,Innere Verwaltung,Verwaltungssteuerung und -service,Einrichtungen f. die ges.Verwaltung,Zentraler mobiler Hochwasserschutz
2014-111609,0,749031,2014,Innere Verwaltung,Verwaltungssteuerung und -service,Einrichtungen f. die ges.Verwaltung,Zentraler mobiler Hochwasserschutz
2013-111611,0,8890189,2013,Innere Verwaltung,Verwaltungssteuerung und -service,Einrichtungen f. die ges.Verwaltung,Zentraler IT-Haushalt
2014-111611,0,9856022,2014,Innere Verwaltung,Verwaltungssteuerung und -service,Einrichtungen f. die ges.Verwaltung,Zentraler IT-Haushalt
2013-111612,0,1247640,2013,Innere Verwaltung,Verwaltungssteuerung und -service,Einrichtungen f. die ges.Verwaltung,Zentrale Straßenwinterdienstleistungen
2014-111612,0,1301186,2014,Innere Verwaltung,Verwaltungssteuerung und -service,Einrichtungen f. die ges.Verwaltung,Zentrale Straßenwinterdienstleistungen
2013-111613,0,844154,2013,Innere Verwaltung,Verwaltungssteuerung und -service,Einrichtungen f. die ges.Verwaltung,Zentrale Werkstattdienste
2014-111613,0,864174,2014,Innere Verwaltung,Verwaltungssteuerung und -service,Einrichtungen f. die ges.Verwaltung,Zentrale Werkstattdienste
2013-121101,0,777396,2013,Sicherheit und Ordnung,Statistik und Wahlen,Statistik,Kommunal- und Auftragsstatistik
2014-121101,0,819883,2014,Sicherheit und Ordnung,Statistik und Wahlen,Statistik,Kommunal- und Auftragsstatistik
2013-121201,0,139900,2013,Sicherheit und Ordnung,Statistik und Wahlen,Wahlen,Wahlen
2014-121201,0,746300,2014,Sicherheit und Ordnung,Statistik und Wahlen,Wahlen,Wahlen
2013-122101,0,1473335,2013,Sicherheit und Ordnung,Ordnungsangelegenheiten,Ordnungsaufgaben,"Bes.Ordnungsaufg., Kfz-Zul., Fahrerlaub."
2014-122101,0,1530009,2014,Sicherheit und Ordnung,Ordnungsangelegenheiten,Ordnungsaufgaben,"Bes.Ordnungsaufg., Kfz-Zul., Fahrerlaub."
2013-122102,0,7272860,2013,Sicherheit und Ordnung,Ordnungsangelegenheiten,Ordnungsaufgaben,Gemeindlicher Vollzugsdienst
2014-122102,0,6293361,2014,Sicherheit und Ordnung,Ordnungsangelegenheiten,Ordnungsaufgaben,Gemeindlicher Vollzugsdienst
2013-122103,-4480730,0,2013,Sicherheit und Ordnung,Ordnungsangelegenheiten,Ordnungsaufgaben,Bußgelder
2014-122103,-4505805,0,2014,Sicherheit und Ordnung,Ordnungsangelegenheiten,Ordnungsaufgaben,Bußgelder
2013-122104,0,2031341,2013,Sicherheit und Ordnung,Ordnungsangelegenheiten,Ordnungsaufgaben,Überwachung der Gewerbeausübung
2014-122104,0,2077710,2014,Sicherheit und Ordnung,Ordnungsangelegenheiten,Ordnungsaufgaben,Überwachung der Gewerbeausübung
2013-122105,0,223087,2013,Sicherheit und Ordnung,Ordnungsangelegenheiten,Ordnungsaufgaben,Regelung offener Vermögensfragen
2014-122105,0,116980,2014,Sicherheit und Ordnung,Ordnungsangelegenheiten,Ordnungsaufgaben,Regelung offener Vermögensfragen
2013-122106,0,3024523,2013,Sicherheit und Ordnung,Ordnungsangelegenheiten,Ordnungsaufgaben,Veterinär- und Lebensmittelüberwachung
2014-122106,0,2982689,2014,Sicherheit und Ordnung,Ordnungsangelegenheiten,Ordnungsaufgaben,Veterinär- und Lebensmittelüberwachung
2013-122107,0,537732,2013,Sicherheit und Ordnung,Ordnungsangelegenheiten,Ordnungsaufgaben,Tierheim
2014-122107,0,546444,2014,Sicherheit und Ordnung,Ordnungsangelegenheiten,Ordnungsaufgaben,Tierheim
2013-122201,0,10085940,2013,Sicherheit und Ordnung,Ordnungsangelegenheiten,Melde- und Personenstandswesen,Melde- und Personenstandwesen
2014-122201,0,10294410,2014,Sicherheit und Ordnung,Ordnungsangelegenheiten,Melde- und Personenstandswesen,Melde- und Personenstandwesen
2013-122202,0,179778,2013,Sicherheit und Ordnung,Ordnungsangelegenheiten,Melde- und Personenstandswesen,Standesamtsaufsicht
2014-122202,0,183252,2014,Sicherheit und Ordnung,Ordnungsangelegenheiten,Melde- und Personenstandswesen,Standesamtsaufsicht
2013-122301,0,84619,2013,Sicherheit und Ordnung,Ordnungsangelegenheiten,Wahrn.Aufg.Unt.Str.aufs./Str.verk.beh.,Verkehrsrechtl.AO/Fahr-u.Beförd.erlaubn.
2014-122301,0,143845,2014,Sicherheit und Ordnung,Ordnungsangelegenheiten,Wahrn.Aufg.Unt.Str.aufs./Str.verk.beh.,Verkehrsrechtl.AO/Fahr-u.Beförd.erlaubn.
2013-126001,0,34876995,2013,Sicherheit und Ordnung,Brandschutz,Brandschutz,Brandschutz
2014-126001,0,35785668,2014,Sicherheit und Ordnung,Brandschutz,Brandschutz,Brandschutz
2013-126002,0,1234880,2013,Sicherheit und Ordnung,Brandschutz,Brandschutz,Leitstelle (Teil Feuerwehr)
2014-126002,0,1697233,2014,Sicherheit und Ordnung,Brandschutz,Brandschutz,Leitstelle (Teil Feuerwehr)
2013-127001,0,1970832,2013,Sicherheit und Ordnung,Rettungsdienst,Rettungsdienst,Rettungsdienst
2014-127001,0,2200539,2014,Sicherheit und Ordnung,Rettungsdienst,Rettungsdienst,Rettungsdienst
2013-127002,0,1595619,2013,Sicherheit und Ordnung,Rettungsdienst,Rettungsdienst,Leitstelle (Teil Rettungsdienst)
2014-127002,0,2077535,2014,Sicherheit und Ordnung,Rettungsdienst,Rettungsdienst,Leitstelle (Teil Rettungsdienst)
2013-128001,0,1163721,2013,Sicherheit und Ordnung,Katastrophenschutz,Katastrophenschutz,Zivil- und Katastrophenschutz
2014-128001,0,1211173,2014,Sicherheit und Ordnung,Katastrophenschutz,Katastrophenschutz,Zivil- und Katastrophenschutz
2013-211101,0,18379011,2013,Schulträgeraufgaben,Grundschulen,Grundschulen in öffentl. Trägerschaft,Grundschulen in öffentl. Trägerschaft
2014-211101,0,19260019,2014,Schulträgeraufgaben,Grundschulen,Grundschulen in öffentl. Trägerschaft,Grundschulen in öffentl. Trägerschaft
2013-211201,0,13035,2013,Schulträgeraufgaben,Grundschulen,Grundschulen in freier Trägerschaft,Grundschulen in freier Trägerschaft
2014-211201,0,13260,2014,Schulträgeraufgaben,Grundschulen,Grundschulen in freier Trägerschaft,Grundschulen in freier Trägerschaft
2013-215101,0,16080948,2013,Schulträgeraufgaben,Mittelschulen,Mittelschulen in öffentl. Trägerschaft,Mittelschulen in öffentl. Trägerschaft
2014-215101,0,16803136,2014,Schulträgeraufgaben,Mittelschulen,Mittelschulen in öffentl. Trägerschaft,Mittelschulen in öffentl. Trägerschaft
2013-215201,0,10499,2013,Schulträgeraufgaben,Mittelschulen,Mittelschulen in freier Trägerschaft,Mittelschulen in freier Trägerschaft
2014-215201,0,10627,2014,Schulträgeraufgaben,Mittelschulen,Mittelschulen in freier Trägerschaft,Mittelschulen in freier Trägerschaft
2013-215301,0,143431,2013,Schulträgeraufgaben,Mittelschulen,Abendmittelschulen,Abendmittelschule
2014-215301,0,143045,2014,Schulträgeraufgaben,Mittelschulen,Abendmittelschulen,Abendmittelschule
2013-217101,0,15914636,2013,Schulträgeraufgaben,"Gymnasien, Kollegs","Gymnasien, Kollegs in öffentl.Trägersch.","Gymnasien, Kollegs in öffentl.Trägersch."
2014-217101,0,18443784,2014,Schulträgeraufgaben,"Gymnasien, Kollegs","Gymnasien, Kollegs in öffentl.Trägersch.","Gymnasien, Kollegs in öffentl.Trägersch."
2013-217201,0,27209,2013,Schulträgeraufgaben,"Gymnasien, Kollegs",Gymnasien in freier Trägerschaft,Gymnasien in freier Trägerschaft
2014-217201,0,27727,2014,Schulträgeraufgaben,"Gymnasien, Kollegs",Gymnasien in freier Trägerschaft,Gymnasien in freier Trägerschaft
2013-217301,0,113091,2013,Schulträgeraufgaben,"Gymnasien, Kollegs",Abendgymnasien,Abendgymnasium
2014-217301,0,114108,2014,Schulträgeraufgaben,"Gymnasien, Kollegs",Abendgymnasien,Abendgymnasium
2013-221201,0,611965,2013,Schulträgeraufgaben,Förderschulen,Förderschulen für Hörgeschädigte,Förderschulen für Hörgeschädigte
2014-221201,0,629976,2014,Schulträgeraufgaben,Förderschulen,Förderschulen für Hörgeschädigte,Förderschulen für Hörgeschädigte
2013-221301,0,927687,2013,Schulträgeraufgaben,Förderschulen,Förderschulen für geistig Behinderte,Förderschule für geistig Behinderte
2014-221301,0,930643,2014,Schulträgeraufgaben,Förderschulen,Förderschulen für geistig Behinderte,Förderschule für geistig Behinderte
2013-221401,0,891666,2013,Schulträgeraufgaben,Förderschulen,Förderschulen für Körperbehinderte,Förderschule für Körperbehinderte
2014-221401,0,905940,2014,Schulträgeraufgaben,Förderschulen,Förderschulen für Körperbehinderte,Förderschule für Körperbehinderte
2013-221501,0,2308294,2013,Schulträgeraufgaben,Förderschulen,Förderschulen für Lernförderungh,Förderschulen für Lernförderung
2014-221501,0,2728452,2014,Schulträgeraufgaben,Förderschulen,Förderschulen für Lernförderungh,Förderschulen für Lernförderung
2013-221601,0,449453,2013,Schulträgeraufgaben,Förderschulen,Sprachheilschulen,Sprachheilschulen
2014-221601,0,465179,2014,Schulträgeraufgaben,Förderschulen,Sprachheilschulen,Sprachheilschulen
2013-221701,0,751378,2013,Schulträgeraufgaben,Förderschulen,Förderschulen für Erziehungshilfe,Förderschulen für Erziehungshilfe
2014-221701,0,770438,2014,Schulträgeraufgaben,Förderschulen,Förderschulen für Erziehungshilfe,Förderschulen für Erziehungshilfe
2013-221801,0,77659,2013,Schulträgeraufgaben,Förderschulen,Klinik- und Krankenhausschulen,Klinik-und Krankenhausschulen
2014-221801,0,78630,2014,Schulträgeraufgaben,Förderschulen,Klinik- und Krankenhausschulen,Klinik-und Krankenhausschulen
2013-221901,0,5377,2013,Schulträgeraufgaben,Förderschulen,Förderschulen in freier Trägerschaft,Förderschulen in freier Trägerschaft
2014-221901,0,5466,2014,Schulträgeraufgaben,Förderschulen,Förderschulen in freier Trägerschaft,Förderschulen in freier Trägerschaft
2013-231101,0,10346912,2013,Schulträgeraufgaben,Berufliche Schulen,Berufsschulen in öffentl.Trägerschaft,BSZ in öffentlicher Trägerschaft
2014-231101,0,10622270,2014,Schulträgeraufgaben,Berufliche Schulen,Berufsschulen in öffentl.Trägerschaft,BSZ in öffentlicher Trägerschaft
2013-231201,0,27894,2013,Schulträgeraufgaben,Berufliche Schulen,Berufsschulen in freier Trägerschaft,BSZ in freier Trägerschaft
2014-231201,0,28542,2014,Schulträgeraufgaben,Berufliche Schulen,Berufsschulen in freier Trägerschaft,BSZ in freier Trägerschaft
2013-231301,0,261338,2013,Schulträgeraufgaben,Berufliche Schulen,Berufsbild.Förderschulen öffentl. Träger,Berufsb.FS in öffentl.Trägerschaft
2014-231301,0,263509,2014,Schulträgeraufgaben,Berufliche Schulen,Berufsbild.Förderschulen öffentl. Träger,Berufsb.FS in öffentl.Trägerschaft
2013-231401,0,1703,2013,Schulträgeraufgaben,Berufliche Schulen,Berufsbild.Förderschulen freier Träger,Berufsb.FS in freier Trägerschaft
2014-231401,0,1698,2014,Schulträgeraufgaben,Berufliche Schulen,Berufsbild.Förderschulen freier Träger,Berufsb.FS in freier Trägerschaft
2013-241001,0,5913520,2013,Schulträgeraufgaben,Schülerbeförderung,Schülerbeförderung,Schülerbeförderung
2014-241001,0,5947398,2014,Schulträgeraufgaben,Schülerbeförderung,Schülerbeförderung,Schülerbeförderung
2013-243001,0,2982692,2013,Schulträgeraufgaben,Sonstige schulische Aufgaben,Sonstige Schulische Aufgaben,sonstige schulische Aufgaben
2014-243001,0,4198691,2014,Schulträgeraufgaben,Sonstige schulische Aufgaben,Sonstige Schulische Aufgaben,sonstige schulische Aufgaben
2013-252001,0,7814395,2013,Kultur und Wissenschaft,Nichtwissenschaflliche Museen/Sammlungen,Nichtwissenschaflliche Museen/Sammlungen,Museen der Stadt Dresden
2014-252001,0,7788512,2014,Kultur und Wissenschaft,Nichtwissenschaflliche Museen/Sammlungen,Nichtwissenschaflliche Museen/Sammlungen,Museen der Stadt Dresden
2013-252002,0,2518186,2013,Kultur und Wissenschaft,Nichtwissenschaflliche Museen/Sammlungen,Nichtwissenschaflliche Museen/Sammlungen,Stadtarchiv
2014-252002,0,2541892,2014,Kultur und Wissenschaft,Nichtwissenschaflliche Museen/Sammlungen,Nichtwissenschaflliche Museen/Sammlungen,Stadtarchiv
2013-252003,0,396131,2013,Kultur und Wissenschaft,Nichtwissenschaflliche Museen/Sammlungen,Nichtwissenschaflliche Museen/Sammlungen,Kunsthaus Dresden
2014-252003,0,399829,2014,Kultur und Wissenschaft,Nichtwissenschaflliche Museen/Sammlungen,Nichtwissenschaflliche Museen/Sammlungen,Kunsthaus Dresden
2013-252004,0,300754,2013,Kultur und Wissenschaft,Nichtwissenschaflliche Museen/Sammlungen,Nichtwissenschaflliche Museen/Sammlungen,Leonhardi-Museum
2014-252004,0,301699,2014,Kultur und Wissenschaft,Nichtwissenschaflliche Museen/Sammlungen,Nichtwissenschaflliche Museen/Sammlungen,Leonhardi-Museum
2013-253001,0,2394600,2013,Kultur und Wissenschaft,Zoologische und Botanische Gärten,Zoologische und Botanische Gärten,Zoo Dresden GmbH
2014-253001,0,2505711,2014,Kultur und Wissenschaft,Zoologische und Botanische Gärten,Zoologische und Botanische Gärten,Zoo Dresden GmbH
2013-254001,0,16189110,2013,Kultur und Wissenschaft,Sonst.Sparten- u.regionsübergr.Förderung,Sonst.Sparten- u.regionsübergr.Förderung,Spartenübergreif. komm. Kulturförderung
2014-254001,0,16198892,2014,Kultur und Wissenschaft,Sonst.Sparten- u.regionsübergr.Förderung,Sonst.Sparten- u.regionsübergr.Förderung,Spartenübergreif. komm. Kulturförderung
2013-261001,0,15092254,2013,Kultur und Wissenschaft,Theater,Theater,Staatsoperette Dresden
2014-261001,0,15324903,2014,Kultur und Wissenschaft,Theater,Theater,Staatsoperette Dresden
2013-261002,0,7155548,2013,Kultur und Wissenschaft,Theater,Theater,Theater Junge Generation
2014-261002,0,7317152,2014,Kultur und Wissenschaft,Theater,Theater,Theater Junge Generation
2013-261003,0,3447545,2013,Kultur und Wissenschaft,Theater,Theater,Europäisches Zentrum der Künste Hellerau
2014-261003,0,3393706,2014,Kultur und Wissenschaft,Theater,Theater,Europäisches Zentrum der Künste Hellerau
2013-261004,0,406059,2013,Kultur und Wissenschaft,Theater,Theater,Theaterhaus Rudi
2014-261004,0,407592,2014,Kultur und Wissenschaft,Theater,Theater,Theaterhaus Rudi
2013-261005,0,721550,2013,Kultur und Wissenschaft,Theater,Theater,Societätstheater GmbH Dresden
2014-261005,0,721550,2014,Kultur und Wissenschaft,Theater,Theater,Societätstheater GmbH Dresden
2013-262001,0,13769928,2013,Kultur und Wissenschaft,Musikpflege,Musikpflege,Dresdner Philharmonie
2014-262001,0,14016574,2014,Kultur und Wissenschaft,Musikpflege,Musikpflege,Dresdner Philharmonie
2013-262002,0,1872313,2013,Kultur und Wissenschaft,Musikpflege,Musikpflege,Dresdner Musikfestspiele
2014-262002,0,1574779,2014,Kultur und Wissenschaft,Musikpflege,Musikpflege,Dresdner Musikfestspiele
2013-262003,0,2848912,2013,Kultur und Wissenschaft,Musikpflege,Musikpflege,Dresdner Kreuzchor
2014-262003,0,2851025,2014,Kultur und Wissenschaft,Musikpflege,Musikpflege,Dresdner Kreuzchor
2013-272001,0,9360952,2013,Kultur und Wissenschaft,Bibliotheken,Bibliotheken,Bereitstellung/ Betrieb von Bibliotheken
2014-272001,0,9626391,2014,Kultur und Wissenschaft,Bibliotheken,Bibliotheken,Bereitstellung/ Betrieb von Bibliotheken
2013-273001,0,947574,2013,Kultur und Wissenschaft,Sonstige Volksbildung,Sonstige Volksbildung,Jugend&KunstSchule
2014-273001,0,953545,2014,Kultur und Wissenschaft,Sonstige Volksbildung,Sonstige Volksbildung,Jugend&KunstSchule
2013-281001,-1052446,0,2013,Kultur und Wissenschaft,Heimat- und sonstige Kulturpflege,Heimat- und sonstige Kulturpflege,Sonstige Kunst- und Kulturpflege
2014-281001,-1022848,0,2014,Kultur und Wissenschaft,Heimat- und sonstige Kulturpflege,Heimat- und sonstige Kulturpflege,Sonstige Kunst- und Kulturpflege
2013-281002,0,142757,2013,Kultur und Wissenschaft,Heimat- und sonstige Kulturpflege,Heimat- und sonstige Kulturpflege,Grafikwerkstatt
2014-281002,0,143868,2014,Kultur und Wissenschaft,Heimat- und sonstige Kulturpflege,Heimat- und sonstige Kulturpflege,Grafikwerkstatt
2013-281003,0,647000,2013,Kultur und Wissenschaft,Heimat- und sonstige Kulturpflege,Heimat- und sonstige Kulturpflege,Kongressges.mbH DD Kulturp./Schloß Alb.
2014-281003,0,0,2014,Kultur und Wissenschaft,Heimat- und sonstige Kulturpflege,Heimat- und sonstige Kulturpflege,Kongressges.mbH DD Kulturp./Schloß Alb.
2013-311001,0,41559839,2013,Soziale Hilfen,Grundversorg. SGB XII /Schwerbeh. SGB IX,Grundversorgung und Hilfen nach SGB XII,Grundversorgung/Hilfen nach SGB XII / IX
2014-311001,0,40092215,2014,Soziale Hilfen,Grundversorg. SGB XII /Schwerbeh. SGB IX,Grundversorgung und Hilfen nach SGB XII,Grundversorgung/Hilfen nach SGB XII / IX
2013-312101,0,43290320,2013,Soziale Hilfen,Grundsicherung f.Arbeitssuchende SGB II,Leistungen für Unterkunft und Heizung,Leistg. für Unterkunft u. Heizung SGB II
2014-312101,0,46584870,2014,Soziale Hilfen,Grundsicherung f.Arbeitssuchende SGB II,Leistungen für Unterkunft und Heizung,Leistg. für Unterkunft u. Heizung SGB II
2013-312201,0,1536543,2013,Soziale Hilfen,Grundsicherung f.Arbeitssuchende SGB II,Eingliederungsleistungen,Eingliederungsleistungen nach SGB II
2014-312201,0,1541157,2014,Soziale Hilfen,Grundsicherung f.Arbeitssuchende SGB II,Eingliederungsleistungen,Eingliederungsleistungen nach SGB II
2013-312301,0,1354200,2013,Soziale Hilfen,Grundsicherung f.Arbeitssuchende SGB II,Einmalige Leistungen,Einmalige Leistungen nach SGB II
2014-312301,0,1354200,2014,Soziale Hilfen,Grundsicherung f.Arbeitssuchende SGB II,Einmalige Leistungen,Einmalige Leistungen nach SGB II
2013-312601,0,5488350,2013,Soziale Hilfen,Grundsicherung f.Arbeitssuchende SGB II,Leistungen BTP SGBII,Leistungen BTP SGBII
2014-312601,0,5768800,2014,Soziale Hilfen,Grundsicherung f.Arbeitssuchende SGB II,Leistungen BTP SGBII,Leistungen BTP SGBII
2013-313001,0,2059909,2013,Soziale Hilfen,Hilfen für Asylbewerber,Hilfen für Asylbewerber,Hilfen für Asylbewerber
2014-313001,0,2439852,2014,Soziale Hilfen,Hilfen für Asylbewerber,Hilfen für Asylbewerber,Hilfen für Asylbewerber
2013-331001,0,3370607,2013,Soziale Hilfen,Hilfen für Asylbewerber,Hilfen für Asylbewerber,Förderung v.Trägern d. Wohlfahrtspflege
2014-331001,0,3401674,2014,Soziale Hilfen,Hilfen für Asylbewerber,Hilfen für Asylbewerber,Förderung v.Trägern d. Wohlfahrtspflege
2013-315001,0,558295,2013,Soziale Hilfen,Soz.Einrichtungen ohne Einr.Jugendhilfe,Soz.Einrichtungen ohne Einr.Jugendhilfe,Unterbringung von Wohnungslosen
2014-315001,0,574481,2014,Soziale Hilfen,Soz.Einrichtungen ohne Einr.Jugendhilfe,Soz.Einrichtungen ohne Einr.Jugendhilfe,Unterbringung von Wohnungslosen
2013-315002,0,751794,2013,Soziale Hilfen,Soz.Einrichtungen ohne Einr.Jugendhilfe,Soz.Einrichtungen ohne Einr.Jugendhilfe,Unterbr. v. Asylbew./Flüchtl./Aussiedl.
2014-315002,0,764369,2014,Soziale Hilfen,Soz.Einrichtungen ohne Einr.Jugendhilfe,Soz.Einrichtungen ohne Einr.Jugendhilfe,Unterbr. v. Asylbew./Flüchtl./Aussiedl.
2013-341001,0,4014275,2013,Soziale Hilfen,Unterhaltsvorschussleistungen,Unterhaltsvorschussleistungen,Unterhaltsvorschussleistungen
2014-341001,0,4126501,2014,Soziale Hilfen,Unterhaltsvorschussleistungen,Unterhaltsvorschussleistungen,Unterhaltsvorschussleistungen
2013-343001,0,1081827,2013,Soziale Hilfen,Betreuungsleistungen,Betreuungsleistungen,Betreuungsleistungen
2014-343001,0,1120197,2014,Soziale Hilfen,Betreuungsleistungen,Betreuungsleistungen,Betreuungsleistungen
2013-344001,0,700,2013,Soziale Hilfen,Hilfen f.Heimkehrer/politische Häftlinge,Hilfen f.Heimkehrer/politische Häftlinge,Hilfe f. Opfer d. politischen Verfolgung
2014-344001,0,700,2014,Soziale Hilfen,Hilfen f.Heimkehrer/politische Häftlinge,Hilfen f.Heimkehrer/politische Häftlinge,Hilfe f. Opfer d. politischen Verfolgung
2013-345001,0,3418843,2013,Soziale Hilfen,Leistungen BTP BKGG,Leistungen BTP BKGG,Leistungen BTP BKGG
2014-345001,0,3532628,2014,Soziale Hilfen,Leistungen BTP BKGG,Leistungen BTP BKGG,Leistungen BTP BKGG
2013-351001,0,64165800,2013,Soziale Hilfen,Sonstige soziale Hilfen und Leistungen,Sonstige soziale Hilfen und Leistungen,Kommunaler Sozialverband Sachsen
2014-351001,0,65445000,2014,Soziale Hilfen,Sonstige soziale Hilfen und Leistungen,Sonstige soziale Hilfen und Leistungen,Kommunaler Sozialverband Sachsen
2013-351002,0,3424122,2013,Soziale Hilfen,Sonstige soziale Hilfen und Leistungen,Sonstige soziale Hilfen und Leistungen,Wohngeld / Einkommensabhäng. Zusatzförd.
2014-351002,0,3575445,2014,Soziale Hilfen,Sonstige soziale Hilfen und Leistungen,Sonstige soziale Hilfen und Leistungen,Wohngeld / Einkommensabhäng. Zusatzförd.
2013-351003,0,928068,2013,Soziale Hilfen,Sonstige soziale Hilfen und Leistungen,Sonstige soziale Hilfen und Leistungen,Bundeseltern-/Landeserziehungsgeld
2014-351003,0,969192,2014,Soziale Hilfen,Sonstige soziale Hilfen und Leistungen,Sonstige soziale Hilfen und Leistungen,Bundeseltern-/Landeserziehungsgeld
2013-351004,0,123204,2013,Soziale Hilfen,Sonstige soziale Hilfen und Leistungen,Sonstige soziale Hilfen und Leistungen,Landesblindengeld
2014-351004,0,127691,2014,Soziale Hilfen,Sonstige soziale Hilfen und Leistungen,Sonstige soziale Hilfen und Leistungen,Landesblindengeld
2013-351005,0,54016,2013,Soziale Hilfen,Sonstige soziale Hilfen und Leistungen,Sonstige soziale Hilfen und Leistungen,Hilfen zur Unterhaltssicherung
2014-351005,0,54780,2014,Soziale Hilfen,Sonstige soziale Hilfen und Leistungen,Sonstige soziale Hilfen und Leistungen,Hilfen zur Unterhaltssicherung
2013-351006,0,1698916,2013,Soziale Hilfen,Sonstige soziale Hilfen und Leistungen,Sonstige soziale Hilfen und Leistungen,Sonst. kommunale soziale Hilfen/Leistg.
2014-351006,0,1719681,2014,Soziale Hilfen,Sonstige soziale Hilfen und Leistungen,Sonstige soziale Hilfen und Leistungen,Sonst. kommunale soziale Hilfen/Leistg.
2013-351007,0,533386,2013,Soziale Hilfen,Sonstige soziale Hilfen und Leistungen,Sonstige soziale Hilfen und Leistungen,Leistungen nach BaföG
2014-351007,0,530681,2014,Soziale Hilfen,Sonstige soziale Hilfen und Leistungen,Sonstige soziale Hilfen und Leistungen,Leistungen nach BaföG
2013-351008,0,120000,2013,Soziale Hilfen,Sonstige soziale Hilfen und Leistungen,Sonstige soziale Hilfen und Leistungen,Qualifiz.- u. Arbeitsförderungs.ges. mbH
2014-351008,0,120000,2014,Soziale Hilfen,Sonstige soziale Hilfen und Leistungen,Sonstige soziale Hilfen und Leistungen,Qualifiz.- u. Arbeitsförderungs.ges. mbH
2013-362001,0,443056,2013,Kinder-/Jugend/ Familienhilfe (SGB VIII),Jugendarbeit,Jugendarbeit,Kinder-/Jugenderholung u.Familienbildung
2014-362001,0,439291,2014,Kinder-/Jugend/ Familienhilfe (SGB VIII),Jugendarbeit,Jugendarbeit,Kinder-/Jugenderholung u.Familienbildung
2013-362002,0,1232293,2013,Kinder-/Jugend/ Familienhilfe (SGB VIII),Jugendarbeit,Jugendarbeit,FT-Förd. Angebote Kinder-/Jugenderholung
2014-362002,0,1254527,2014,Kinder-/Jugend/ Familienhilfe (SGB VIII),Jugendarbeit,Jugendarbeit,FT-Förd. Angebote Kinder-/Jugenderholung
2013-363001,0,2017711,2013,Kinder-/Jugend/ Familienhilfe (SGB VIII),So.Leistg.Kinder-/Jugend-/Familienhilfe,So.Leistg.Kinder-/Jugend-/Familienhilfe,Komm. Jugendsozialar./Jugendgerichtsh.
2014-363001,0,2108728,2014,Kinder-/Jugend/ Familienhilfe (SGB VIII),So.Leistg.Kinder-/Jugend-/Familienhilfe,So.Leistg.Kinder-/Jugend-/Familienhilfe,Komm. Jugendsozialar./Jugendgerichtsh.
2013-363002,0,2010446,2013,Kinder-/Jugend/ Familienhilfe (SGB VIII),So.Leistg.Kinder-/Jugend-/Familienhilfe,So.Leistg.Kinder-/Jugend-/Familienhilfe,FT-Förd. Jugendsoziala./Jugendgerichtsh.
2014-363002,0,1576050,2014,Kinder-/Jugend/ Familienhilfe (SGB VIII),So.Leistg.Kinder-/Jugend-/Familienhilfe,So.Leistg.Kinder-/Jugend-/Familienhilfe,FT-Förd. Jugendsoziala./Jugendgerichtsh.
2013-363003,0,1688104,2013,Kinder-/Jugend/ Familienhilfe (SGB VIII),So.Leistg.Kinder-/Jugend-/Familienhilfe,So.Leistg.Kinder-/Jugend-/Familienhilfe,Adoptionsv./Beistand/Amtspflege/Vormund
2014-363003,0,1738812,2014,Kinder-/Jugend/ Familienhilfe (SGB VIII),So.Leistg.Kinder-/Jugend-/Familienhilfe,So.Leistg.Kinder-/Jugend-/Familienhilfe,Adoptionsv./Beistand/Amtspflege/Vormund
2013-363004,0,44697332,2013,Kinder-/Jugend/ Familienhilfe (SGB VIII),So.Leistg.Kinder-/Jugend-/Familienhilfe,So.Leistg.Kinder-/Jugend-/Familienhilfe,"Hilfe z.Erz./Junge Vollj., Inobh./Eingl."
2014-363004,0,44910797,2014,Kinder-/Jugend/ Familienhilfe (SGB VIII),So.Leistg.Kinder-/Jugend-/Familienhilfe,So.Leistg.Kinder-/Jugend-/Familienhilfe,"Hilfe z.Erz./Junge Vollj., Inobh./Eingl."
2013-365001,0,159689154,2013,Kinder-/Jugend/ Familienhilfe (SGB VIII),Tageseinrichtungen für Kinder,Tageseinrichtungen für Kinder,EB Kindertageseinrichtungen
2014-365001,0,176332664,2014,Kinder-/Jugend/ Familienhilfe (SGB VIII),Tageseinrichtungen für Kinder,Tageseinrichtungen für Kinder,EB Kindertageseinrichtungen
2013-366001,0,6953599,2013,Kinder-/Jugend/ Familienhilfe (SGB VIII),Einrichtungen der Jugendarbeit,Einrichtungen der Jugendarbeit,Einrichtungen der Jugendarbeit
2014-366001,0,6993748,2014,Kinder-/Jugend/ Familienhilfe (SGB VIII),Einrichtungen der Jugendarbeit,Einrichtungen der Jugendarbeit,Einrichtungen der Jugendarbeit
2013-367001,0,4263715,2013,Kinder-/Jugend/ Familienhilfe (SGB VIII),So.Einr.Kinder-/Jugend-/Familienhilfe,So.Einr.Kinder-/Jugend-/Familienhilfe,Einrichtungen der Jugendhilfe
2014-367001,0,4377470,2014,Kinder-/Jugend/ Familienhilfe (SGB VIII),So.Einr.Kinder-/Jugend-/Familienhilfe,So.Einr.Kinder-/Jugend-/Familienhilfe,Einrichtungen der Jugendhilfe
2013-367002,0,3200126,2013,Kinder-/Jugend/ Familienhilfe (SGB VIII),So.Einr.Kinder-/Jugend-/Familienhilfe,So.Einr.Kinder-/Jugend-/Familienhilfe,Sonstige Einrichtungen
2014-367002,0,3238751,2014,Kinder-/Jugend/ Familienhilfe (SGB VIII),So.Einr.Kinder-/Jugend-/Familienhilfe,So.Einr.Kinder-/Jugend-/Familienhilfe,Sonstige Einrichtungen
2013-411001,0,4956,2013,Gesundheitsdienste,Krankenhäuser,Krankenhäuser,EB Krankenhaus DD-Friedrichstadt
2014-411001,0,4956,2014,Gesundheitsdienste,Krankenhäuser,Krankenhäuser,EB Krankenhaus DD-Friedrichstadt
2013-411002,0,0,2013,Gesundheitsdienste,Krankenhäuser,Krankenhäuser,EB Städt. Krankenhaus DD-Neustadt
2014-411002,0,0,2014,Gesundheitsdienste,Krankenhäuser,Krankenhäuser,EB Städt. Krankenhaus DD-Neustadt
2013-414001,0,11445383,2013,Gesundheitsdienste,Gesundheitspflege,Maßnahmen der Gesundheitspflege,Gesundheitspflege
2014-414001,0,11767101,2014,Gesundheitsdienste,Gesundheitspflege,Maßnahmen der Gesundheitspflege,Gesundheitspflege
2013-414002,0,474346,2013,Gesundheitsdienste,Gesundheitspflege,Maßnahmen der Gesundheitspflege,Kinder- und Jugendzahnklinik
2014-414002,0,492730,2014,Gesundheitsdienste,Gesundheitspflege,Maßnahmen der Gesundheitspflege,Kinder- und Jugendzahnklinik
2013-424101,0,20310404,2013,Sportförderung,Sportstätten und Bäder,Sportstätten und Bäder,EB Sportstätten- und Bäderbetrieb DD
2014-424101,0,19116759,2014,Sportförderung,Sportstätten und Bäder,Sportstätten und Bäder,EB Sportstätten- und Bäderbetrieb DD
2013-511001,0,14599654,2013,Räumliche Planung und Entwicklung,Räuml.Planungs-/Entw.maß./Flurneuordnung,Räuml.Planungs-/ Entwicklungsmaßnahmen,Stadtplanung und Stadtentwicklung
2014-511001,0,14919994,2014,Räumliche Planung und Entwicklung,Räuml.Planungs-/Entw.maß./Flurneuordnung,Räuml.Planungs-/ Entwicklungsmaßnahmen,Stadtplanung und Stadtentwicklung
2013-511002,0,457550,2013,Räumliche Planung und Entwicklung,Räuml.Planungs-/Entw.maß./Flurneuordnung,Räuml.Planungs-/ Entwicklungsmaßnahmen,Landschafts-und Umweltplanung
2014-511002,0,472223,2014,Räumliche Planung und Entwicklung,Räuml.Planungs-/Entw.maß./Flurneuordnung,Räuml.Planungs-/ Entwicklungsmaßnahmen,Landschafts-und Umweltplanung
2013-511004,0,335000,2013,Räumliche Planung und Entwicklung,Räuml.Planungs-/Entw.maß./Flurneuordnung,Räuml.Planungs-/ Entwicklungsmaßnahmen,STESAD GmbH
2014-511004,0,145000,2014,Räumliche Planung und Entwicklung,Räuml.Planungs-/Entw.maß./Flurneuordnung,Räuml.Planungs-/ Entwicklungsmaßnahmen,STESAD GmbH
2013-511011,0,0,2013,Räumliche Planung und Entwicklung,Räuml.Planungs-/Entw.maß./Flurneuordnung,Räuml.Planungs-/ Entwicklungsmaßnahmen,Sanierungsgebiet  Äußere Neustadt
2014-511011,0,2450,2014,Räumliche Planung und Entwicklung,Räuml.Planungs-/Entw.maß./Flurneuordnung,Räuml.Planungs-/ Entwicklungsmaßnahmen,Sanierungsgebiet  Äußere Neustadt
2013-511012,0,226250,2013,Räumliche Planung und Entwicklung,Räuml.Planungs-/Entw.maß./Flurneuordnung,Räuml.Planungs-/ Entwicklungsmaßnahmen,Sanierungsgebiet  Pieschen
2014-511012,0,300000,2014,Räumliche Planung und Entwicklung,Räuml.Planungs-/Entw.maß./Flurneuordnung,Räuml.Planungs-/ Entwicklungsmaßnahmen,Sanierungsgebiet  Pieschen
2013-511013,0,35100,2013,Räumliche Planung und Entwicklung,Räuml.Planungs-/Entw.maß./Flurneuordnung,Räuml.Planungs-/ Entwicklungsmaßnahmen,Sanierungsgebiet  Hechtviertel
2014-511013,0,0,2014,Räumliche Planung und Entwicklung,Räuml.Planungs-/Entw.maß./Flurneuordnung,Räuml.Planungs-/ Entwicklungsmaßnahmen,Sanierungsgebiet  Hechtviertel
2013-511015,0,0,2013,Räumliche Planung und Entwicklung,Räuml.Planungs-/Entw.maß./Flurneuordnung,Räuml.Planungs-/ Entwicklungsmaßnahmen,Sanierungsgebiet  Plauen
2014-511015,0,0,2014,Räumliche Planung und Entwicklung,Räuml.Planungs-/Entw.maß./Flurneuordnung,Räuml.Planungs-/ Entwicklungsmaßnahmen,Sanierungsgebiet  Plauen
2013-511016,0,0,2013,Räumliche Planung und Entwicklung,Räuml.Planungs-/Entw.maß./Flurneuordnung,Räuml.Planungs-/ Entwicklungsmaßnahmen,Sanierungsgebiet  Löbtau Süd
2014-511016,0,1200,2014,Räumliche Planung und Entwicklung,Räuml.Planungs-/Entw.maß./Flurneuordnung,Räuml.Planungs-/ Entwicklungsmaßnahmen,Sanierungsgebiet  Löbtau Süd
2013-511019,0,0,2013,Räumliche Planung und Entwicklung,Räuml.Planungs-/Entw.maß./Flurneuordnung,Räuml.Planungs-/ Entwicklungsmaßnahmen,Sanierungsgebiet  Friedrichstadt
2014-511019,0,74200,2014,Räumliche Planung und Entwicklung,Räuml.Planungs-/Entw.maß./Flurneuordnung,Räuml.Planungs-/ Entwicklungsmaßnahmen,Sanierungsgebiet  Friedrichstadt
2013-511021,0,10500,2013,Räumliche Planung und Entwicklung,Räuml.Planungs-/Entw.maß./Flurneuordnung,Räuml.Planungs-/ Entwicklungsmaßnahmen,Sanierungsgebiet  Neumarkt
2014-511021,0,30000,2014,Räumliche Planung und Entwicklung,Räuml.Planungs-/Entw.maß./Flurneuordnung,Räuml.Planungs-/ Entwicklungsmaßnahmen,Sanierungsgebiet  Neumarkt
2013-511031,0,199900,2013,Räumliche Planung und Entwicklung,Räuml.Planungs-/Entw.maß./Flurneuordnung,Räuml.Planungs-/ Entwicklungsmaßnahmen,"Soziale Stadt, Prohlis, Am Koitschgraben"
2014-511031,0,93400,2014,Räumliche Planung und Entwicklung,Räuml.Planungs-/Entw.maß./Flurneuordnung,Räuml.Planungs-/ Entwicklungsmaßnahmen,"Soziale Stadt, Prohlis, Am Koitschgraben"
2013-511032,0,39300,2013,Räumliche Planung und Entwicklung,Räuml.Planungs-/Entw.maß./Flurneuordnung,Räuml.Planungs-/ Entwicklungsmaßnahmen,"Soziale Stadt, Gorbitz"
2014-511032,0,30000,2014,Räumliche Planung und Entwicklung,Räuml.Planungs-/Entw.maß./Flurneuordnung,Räuml.Planungs-/ Entwicklungsmaßnahmen,"Soziale Stadt, Gorbitz"
2013-511046,0,0,2013,Räumliche Planung und Entwicklung,Räuml.Planungs-/Entw.maß./Flurneuordnung,Räuml.Planungs-/ Entwicklungsmaßnahmen,"Stadtumbau Ost, Westlich. Innenstadtrand"
2014-511046,0,3800,2014,Räumliche Planung und Entwicklung,Räuml.Planungs-/Entw.maß./Flurneuordnung,Räuml.Planungs-/ Entwicklungsmaßnahmen,"Stadtumbau Ost, Westlich. Innenstadtrand"
2013-511048,0,0,2013,Räumliche Planung und Entwicklung,Räuml.Planungs-/Entw.maß./Flurneuordnung,Räuml.Planungs-/ Entwicklungsmaßnahmen,"Stadtumbau Ost, Rückbau städt. Infrastr."
2014-511048,0,0,2014,Räumliche Planung und Entwicklung,Räuml.Planungs-/Entw.maß./Flurneuordnung,Räuml.Planungs-/ Entwicklungsmaßnahmen,"Stadtumbau Ost, Rückbau städt. Infrastr."
2013-511052,0,360700,2013,Räumliche Planung und Entwicklung,Räuml.Planungs-/Entw.maß./Flurneuordnung,Räuml.Planungs-/ Entwicklungsmaßnahmen,"EFRE, Dresden West/Friedrichstadt"
2014-511052,0,0,2014,Räumliche Planung und Entwicklung,Räuml.Planungs-/Entw.maß./Flurneuordnung,Räuml.Planungs-/ Entwicklungsmaßnahmen,"EFRE, Dresden West/Friedrichstadt"
2013-511053,0,54100,2013,Räumliche Planung und Entwicklung,Räuml.Planungs-/Entw.maß./Flurneuordnung,Räuml.Planungs-/ Entwicklungsmaßnahmen,"EFRE, nördliche Vorstadt Dresden"
2014-511053,0,0,2014,Räumliche Planung und Entwicklung,Räuml.Planungs-/Entw.maß./Flurneuordnung,Räuml.Planungs-/ Entwicklungsmaßnahmen,"EFRE, nördliche Vorstadt Dresden"
2013-511061,0,9300,2013,Räumliche Planung und Entwicklung,Räuml.Planungs-/Entw.maß./Flurneuordnung,Räuml.Planungs-/ Entwicklungsmaßnahmen,Städtebaul. Denkmalschutz Innere Neust.
2014-511061,0,0,2014,Räumliche Planung und Entwicklung,Räuml.Planungs-/Entw.maß./Flurneuordnung,Räuml.Planungs-/ Entwicklungsmaßnahmen,Städtebaul. Denkmalschutz Innere Neust.
2013-511062,0,0,2013,Räumliche Planung und Entwicklung,Räuml.Planungs-/Entw.maß./Flurneuordnung,Räuml.Planungs-/ Entwicklungsmaßnahmen,Städtebaulicher Denkmalschutz Hellerau
2014-511062,0,0,2014,Räumliche Planung und Entwicklung,Räuml.Planungs-/Entw.maß./Flurneuordnung,Räuml.Planungs-/ Entwicklungsmaßnahmen,Städtebaulicher Denkmalschutz Hellerau
2013-512001,0,7271528,2013,Räumliche Planung und Entwicklung,Flächen-/grundst.bez.Daten u.Grundlagen,Flächen-/grundst.bez. Daten u.Grundlagen,Flächen-u. grundstücksbezogene Daten
2014-512001,0,7523285,2014,Räumliche Planung und Entwicklung,Flächen-/grundst.bez.Daten u.Grundlagen,Flächen-/grundst.bez. Daten u.Grundlagen,Flächen-u. grundstücksbezogene Daten
2013-521001,0,2482805,2013,Bauen und Wohnen,Bau- und Grund-stücksordnung,Bau- und Grund-stücksordnung,Bau- und Grundstücksordnung
2014-521001,0,2551779,2014,Bauen und Wohnen,Bau- und Grund-stücksordnung,Bau- und Grund-stücksordnung,Bau- und Grundstücksordnung
2013-522001,0,190350,2013,Bauen und Wohnen,Wohnungsbauförderung,Wohnungsbauförderung,Wohnungsbauförderung
2014-522001,0,183450,2014,Bauen und Wohnen,Wohnungsbauförderung,Wohnungsbauförderung,Wohnungsbauförderung
2013-522002,0,491434,2013,Bauen und Wohnen,Wohnungsbauförderung,Wohnungsbauförderung,Wohnungsvermittlung und -versorgung
2014-522002,0,751577,2014,Bauen und Wohnen,Wohnungsbauförderung,Wohnungsbauförderung,Wohnungsvermittlung und -versorgung
2013-523001,0,1580237,2013,Bauen und Wohnen,Denkmalschutz und -pflege,Denkmalschutz und -pflege,Denkmalschutz und Denkmalpflege
2014-523001,0,1627800,2014,Bauen und Wohnen,Denkmalschutz und -pflege,Denkmalschutz und -pflege,Denkmalschutz und Denkmalpflege
2013-531001,-215000,0,2013,Ver- und Entsorgung,Elektrizitätsversorgung,Elektrizitätsversorgung,Komm. Beteil. an d. EV Sachsen Ost mbH
2014-531001,-177750,0,2014,Ver- und Entsorgung,Elektrizitätsversorgung,Elektrizitätsversorgung,Komm. Beteil. an d. EV Sachsen Ost mbH
2013-533001,0,352017,2013,Ver- und Entsorgung,Wasserversorgung,Wasserversorgung,Wasserversorgung
2014-533001,0,355549,2014,Ver- und Entsorgung,Wasserversorgung,Wasserversorgung,Wasserversorgung
2013-535002,0,1000000,2013,Ver- und Entsorgung,Kombinierte Versorgung,Kombinierte Versorgung,TWD Betriebsgesellschaft mbH
2014-535002,0,1000000,2014,Ver- und Entsorgung,Kombinierte Versorgung,Kombinierte Versorgung,TWD Betriebsgesellschaft mbH
2013-537001,-184995,0,2013,Ver- und Entsorgung,Abfallwirtschaft,Abfallwirtschaft,Abfallwirtschaft
2014-537001,-186329,0,2014,Ver- und Entsorgung,Abfallwirtschaft,Abfallwirtschaft,Abfallwirtschaft
2013-537002,-56594,0,2013,Ver- und Entsorgung,Abfallwirtschaft,Abfallwirtschaft,Duales System
2014-537002,-56384,0,2014,Ver- und Entsorgung,Abfallwirtschaft,Abfallwirtschaft,Duales System
2013-538001,0,434403,2013,Ver- und Entsorgung,Abwasserbeseitigung,Abwasserbeseitigung,Abwasserbewirtschaftung
2014-538001,0,442834,2014,Ver- und Entsorgung,Abwasserbeseitigung,Abwasserbeseitigung,Abwasserbewirtschaftung
2013-538002,-12007850,0,2013,Ver- und Entsorgung,Abwasserbeseitigung,Abwasserbeseitigung,EB Stadtentwässerung der LH-Dresden
2014-538002,-50750,0,2014,Ver- und Entsorgung,Abwasserbeseitigung,Abwasserbeseitigung,EB Stadtentwässerung der LH-Dresden
2013-541001,0,49660783,2013,"Verkehrsflächen und -anlagen, ÖPNV",Gemeindestraßen,Gemeindestraßen,Verkehrsflächen bei Gemeindestr.
2014-541001,0,49988857,2014,"Verkehrsflächen und -anlagen, ÖPNV",Gemeindestraßen,Gemeindestraßen,Verkehrsflächen bei Gemeindestr.
2013-542001,0,1977713,2013,"Verkehrsflächen und -anlagen, ÖPNV",Kreisstraßen,Kreisstraßen,Bereist.Verkehrsflächen bei Kreisstr.
2014-542001,0,1973452,2014,"Verkehrsflächen und -anlagen, ÖPNV",Kreisstraßen,Kreisstraßen,Bereist.Verkehrsflächen bei Kreisstr.
2013-543001,0,2985772,2013,"Verkehrsflächen und -anlagen, ÖPNV",Staatsstraßen,Staatsstraßen,Bereist.Verkehrsflächen bei Staatsstr.
2014-543001,0,3006576,2014,"Verkehrsflächen und -anlagen, ÖPNV",Staatsstraßen,Staatsstraßen,Bereist.Verkehrsflächen bei Staatsstr.
2013-544001,0,6186945,2013,"Verkehrsflächen und -anlagen, ÖPNV",Bundesstraßen,Bundesstraßen,Bereist.Verkehrsflächen bei Bundesstr.
2014-544001,0,6277732,2014,"Verkehrsflächen und -anlagen, ÖPNV",Bundesstraßen,Bundesstraßen,Bereist.Verkehrsflächen bei Bundesstr.
2013-545101,0,3807461,2013,"Verkehrsflächen und -anlagen, ÖPNV",Straßenreinigung und Winterdienst,Straßenreinigung,Straßenreinigung
2014-545101,0,3815127,2014,"Verkehrsflächen und -anlagen, ÖPNV",Straßenreinigung und Winterdienst,Straßenreinigung,Straßenreinigung
2013-545201,0,1500273,2013,"Verkehrsflächen und -anlagen, ÖPNV",Straßenreinigung und Winterdienst,Winterdienst auf Gem.str./Wegen/ Plätzen,Winterdienst Gemeindestraßen
2014-545201,0,1503996,2014,"Verkehrsflächen und -anlagen, ÖPNV",Straßenreinigung und Winterdienst,Winterdienst auf Gem.str./Wegen/ Plätzen,Winterdienst Gemeindestraßen
2013-545301,0,508868,2013,"Verkehrsflächen und -anlagen, ÖPNV",Straßenreinigung und Winterdienst,Winterdienst auf Kreisstraßen,Winterdienst Kreisstraßen
2014-545301,0,508584,2014,"Verkehrsflächen und -anlagen, ÖPNV",Straßenreinigung und Winterdienst,Winterdienst auf Kreisstraßen,Winterdienst Kreisstraßen
2013-545401,0,365616,2013,"Verkehrsflächen und -anlagen, ÖPNV",Straßenreinigung und Winterdienst,Winterdienst auf Staatsstraßen,Winterdienst Staatsstraßen
2014-545401,0,365248,2014,"Verkehrsflächen und -anlagen, ÖPNV",Straßenreinigung und Winterdienst,Winterdienst auf Staatsstraßen,Winterdienst Staatsstraßen
2013-545501,0,430482,2013,"Verkehrsflächen und -anlagen, ÖPNV",Straßenreinigung und Winterdienst,Winterdienst auf Bundesstraßen,Winterdienst Bundesstraßen
2014-545501,0,430347,2014,"Verkehrsflächen und -anlagen, ÖPNV",Straßenreinigung und Winterdienst,Winterdienst auf Bundesstraßen,Winterdienst Bundesstraßen
2013-546001,-6510229,0,2013,"Verkehrsflächen und -anlagen, ÖPNV",Parkeinrichtungen,Parkeinrichtungen,Parkraumbewirtschaftung
2014-546001,-6483673,0,2014,"Verkehrsflächen und -anlagen, ÖPNV",Parkeinrichtungen,Parkeinrichtungen,Parkraumbewirtschaftung
2013-549001,0,6154362,2013,"Verkehrsflächen und -anlagen, ÖPNV",So.Leistungen der Straßenbaulastträger,So.Leistungen der Straßenbaulastträger,Leistungen des Straßenbaulastträgers
2014-549001,0,6386935,2014,"Verkehrsflächen und -anlagen, ÖPNV",So.Leistungen der Straßenbaulastträger,So.Leistungen der Straßenbaulastträger,Leistungen des Straßenbaulastträgers
2013-549002,0,16458157,2013,"Verkehrsflächen und -anlagen, ÖPNV",So.Leistungen der Straßenbaulastträger,So.Leistungen der Straßenbaulastträger,Öffentliche Beleuchtung
2014-549002,0,16468423,2014,"Verkehrsflächen und -anlagen, ÖPNV",So.Leistungen der Straßenbaulastträger,So.Leistungen der Straßenbaulastträger,Öffentliche Beleuchtung
2013-551001,0,15701871,2013,Natur- und Landschaftspflege,"Öffentliches Grün, Landschaftsbau","Öffentliches Grün, Landschaftsbau",Öffentliches Grün
2014-551001,0,16175717,2014,Natur- und Landschaftspflege,"Öffentliches Grün, Landschaftsbau","Öffentliches Grün, Landschaftsbau",Öffentliches Grün
2013-551002,0,19620,2013,Natur- und Landschaftspflege,"Öffentliches Grün, Landschaftsbau","Öffentliches Grün, Landschaftsbau",Kleingartenwesen
2014-551002,0,34017,2014,Natur- und Landschaftspflege,"Öffentliches Grün, Landschaftsbau","Öffentliches Grün, Landschaftsbau",Kleingartenwesen
2013-552001,0,5268809,2013,Natur- und Landschaftspflege,Öffentl.Gewässer/Wasserbauliche Anlagen,Öffentl.Gewässer/Wasserbauliche Anlagen,Gewässer- und Grundwasserschutz
2014-552001,0,5118150,2014,Natur- und Landschaftspflege,Öffentl.Gewässer/Wasserbauliche Anlagen,Öffentl.Gewässer/Wasserbauliche Anlagen,Gewässer- und Grundwasserschutz
2013-553001,0,550718,2013,Natur- und Landschaftspflege,Friedhofs- und Bestattungswesen,Friedhofs- und Bestattungswesen,Friedhofsförderung/-genehmigung
2014-553001,0,555976,2014,Natur- und Landschaftspflege,Friedhofs- und Bestattungswesen,Friedhofs- und Bestattungswesen,Friedhofsförderung/-genehmigung
2013-553002,-200000,0,2013,Natur- und Landschaftspflege,Friedhofs- und Bestattungswesen,Friedhofs- und Bestattungswesen,EB Städt. Friedhofs- u. Bestattungswesen
2014-553002,-200000,0,2014,Natur- und Landschaftspflege,Friedhofs- und Bestattungswesen,Friedhofs- und Bestattungswesen,EB Städt. Friedhofs- u. Bestattungswesen
2013-554001,0,1769185,2013,Natur- und Landschaftspflege,Naturschutz und Landschaftspflege,Naturschutz und Landschaftspflege,Naturschutz
2014-554001,0,1809318,2014,Natur- und Landschaftspflege,Naturschutz und Landschaftspflege,Naturschutz und Landschaftspflege,Naturschutz
2013-555001,0,485187,2013,Natur- und Landschaftspflege,Land- und Forstwirtschaft,Land- und Forstwirtschaft,Wald- und Forstwirtschaft
2014-555001,0,507060,2014,Natur- und Landschaftspflege,Land- und Forstwirtschaft,Land- und Forstwirtschaft,Wald- und Forstwirtschaft
2013-555002,0,100517,2013,Natur- und Landschaftspflege,Land- und Forstwirtschaft,Land- und Forstwirtschaft,Landwirtschaft
2014-555002,0,101566,2014,Natur- und Landschaftspflege,Land- und Forstwirtschaft,Land- und Forstwirtschaft,Landwirtschaft
2013-561001,0,2273690,2013,Umweltschutz,Umweltschutzmaßnahmen,Umweltschutzmaßnahmen,"Altlastensan., Abfallrecht, Bodenschutz"
2014-561001,0,2148455,2014,Umweltschutz,Umweltschutzmaßnahmen,Umweltschutzmaßnahmen,"Altlastensan., Abfallrecht, Bodenschutz"
2013-561002,0,1512954,2013,Umweltschutz,Umweltschutzmaßnahmen,Umweltschutzmaßnahmen,"Immissionsschutz, Klima"
2014-561002,0,1589900,2014,Umweltschutz,Umweltschutzmaßnahmen,Umweltschutzmaßnahmen,"Immissionsschutz, Klima"
2013-561003,0,772665,2013,Umweltschutz,Umweltschutzmaßnahmen,Umweltschutzmaßnahmen,"Umweltberatung, Umweltinformation"
2014-561003,0,786840,2014,Umweltschutz,Umweltschutzmaßnahmen,Umweltschutzmaßnahmen,"Umweltberatung, Umweltinformation"
2013-561004,0,1010034,2013,Umweltschutz,Umweltschutzmaßnahmen,Umweltschutzmaßnahmen,Umweltverträglichkeit/  Grünordnung
2014-561004,0,1024738,2014,Umweltschutz,Umweltschutzmaßnahmen,Umweltschutzmaßnahmen,Umweltverträglichkeit/  Grünordnung
2013-571001,0,2936639,2013,Wirtschaft und Tourismus,Wirtschaftsförderung,Wirtschaftsförderung,Wirtschaftsförderung
2014-571001,0,3091465,2014,Wirtschaft und Tourismus,Wirtschaftsförderung,Wirtschaftsförderung,Wirtschaftsförderung
2013-573001,0,127679,2013,Wirtschaft und Tourismus,Allgemeine Einrichtungen/ Unternehmen,Allgemeine Einrichtungen/ Unternehmen,Kommunale Märkte
2014-573001,0,141999,2014,Wirtschaft und Tourismus,Allgemeine Einrichtungen/ Unternehmen,Allgemeine Einrichtungen/ Unternehmen,Kommunale Märkte
2013-573003,0,1186650,2013,Wirtschaft und Tourismus,Allgemeine Einrichtungen/ Unternehmen,Allgemeine Einrichtungen/ Unternehmen,Messe Dresden GmbH
2014-573003,0,1186650,2014,Wirtschaft und Tourismus,Allgemeine Einrichtungen/ Unternehmen,Allgemeine Einrichtungen/ Unternehmen,Messe Dresden GmbH
2013-575001,0,2926000,2013,Wirtschaft und Tourismus,Tourismus,Tourismus,Dresden Marketing GmbH
2014-575001,0,2850000,2014,Wirtschaft und Tourismus,Tourismus,Tourismus,Dresden Marketing GmbH
2013-611001,-472161000,0,2013,Allgemeine Finanzwirtschaft,"Steuern, allg. Zuweisungen/Umlagen","Steuern, allg. Zuweisungen/Umlagen",Steuern
2014-611001,-490631500,0,2014,Allgemeine Finanzwirtschaft,"Steuern, allg. Zuweisungen/Umlagen","Steuern, allg. Zuweisungen/Umlagen",Steuern
2013-611002,-388955426,0,2013,Allgemeine Finanzwirtschaft,"Steuern, allg. Zuweisungen/Umlagen","Steuern, allg. Zuweisungen/Umlagen",Allgemeine Zuweisungen und Umlagen
2014-611002,-392049985,0,2014,Allgemeine Finanzwirtschaft,"Steuern, allg. Zuweisungen/Umlagen","Steuern, allg. Zuweisungen/Umlagen",Allgemeine Zuweisungen und Umlagen
2013-612001,-61309300,0,2013,Allgemeine Finanzwirtschaft,Sonstige allgemeine Finanzwirtschaft,Sonstige allgemeine Finanzwirtschaft,Sonstige Allgemeine Finanzwirtschaft
2014-612001,-50373950,0,2014,Allgemeine Finanzwirtschaft,Sonstige allgemeine Finanzwirtschaft,Sonstige allgemeine Finanzwirtschaft,Sonstige Allgemeine Finanzwirtschaft
